Country Name,2018 [YR2018]
Brazil,0.545723736
Argentina,0.617366731
Colombia,0.598653853
United States,0.713683248
United Kingdom,0.776982248
United Arab Emirates,0.676001251
Turkey,0.625309885
Norway,0.768534839
Greece,0.694805861
India,0.484795809
Singapore,0.88708365
Vietnam,0.687239349
China,0.647098839
Nigeria,0.354753166
South Africa,0.422549337
"Egypt, Arab Rep.",0.492512345
Australia,0.78083396
Israel,0.763064444
